object1_class,object2_class,object1_type,object2_type,ext_relation
ext:ActivityName,ext:Case,activityNameNL,case,ext:is_part_of_case
ext:ActivityName,ext:Resource,activityNameEN,org:resource,ext:performed_by_resource
ext:Case,ext:SumLeges,case,SUMleges,ext:has_associated_cost
ext:Resource,ext:MonitoringResource,org:resource,monitoringResource,ext:monitored_by
ext:ResponsibleActor,ext:Case,Responsible_actor,case,ext:responsible_for_case
ext:ActivityName,ext:DateFinished,activityNameNL,dateFinished,ext:completed_on
ext:Resource,ext:ActivityName,org:resource,activityNameEN,ext:performed_action
ext:PlannedDate,ext:EndDate,planned,endDate,ext:planned_to_finish_on
ext:Resource,ext:ResponsibleActor,org:resource,Responsible_actor,ext:works_under
